query_id,scene_id,query,method,quality_eligible,hit_at_1,hit_at_3,reciprocal_rank,selected_view_id,views_checked,selected_cluster_ids,query_input_tokens,query_encoder_latency_ms
qv2_001,ConferenceHall,Find the piano,flat_clip,True,True,True,1.0,v011,20,,5,5.222694
qv2_001,ConferenceHall,Find the piano,manual_hierarchy_clip,True,True,True,1.0,v011,8,manual_zone_conferencehall_exit_wayfinding|manual_zone_conferencehall_elevator_access,5,5.222694
qv2_001,ConferenceHall,Find the piano,raw_rgbd_hierarchy_clip,True,False,False,0.0,v019,3,raw_cluster_02|raw_cluster_04,5,5.222694
qv2_002,ConferenceHall,Find the reception counter,flat_clip,True,False,True,0.5,v019,20,,6,5.222694
qv2_002,ConferenceHall,Find the reception counter,manual_hierarchy_clip,True,False,False,0.0,v019,14,manual_zone_conferencehall_exit_wayfinding|manual_zone_conferencehall_lounge_corridor,6,5.222694
qv2_002,ConferenceHall,Find the reception counter,raw_rgbd_hierarchy_clip,True,False,True,0.5,v019,2,raw_cluster_02|raw_cluster_05,6,5.222694
qv2_003,ConferenceHall,Find the green exit sign,flat_clip,True,True,True,1.0,v019,20,,7,5.222694
qv2_003,ConferenceHall,Find the green exit sign,manual_hierarchy_clip,True,True,True,1.0,v019,14,manual_zone_conferencehall_exit_wayfinding|manual_zone_conferencehall_lounge_corridor,7,5.222694
qv2_003,ConferenceHall,Find the green exit sign,raw_rgbd_hierarchy_clip,True,True,True,1.0,v019,3,raw_cluster_02|raw_cluster_04,7,5.222694
qv2_004,ConferenceHall,Find the elevator doors,flat_clip,True,False,True,0.3333333333333333,v019,20,,6,5.222694
qv2_004,ConferenceHall,Find the elevator doors,manual_hierarchy_clip,True,False,True,0.5,v019,8,manual_zone_conferencehall_exit_wayfinding|manual_zone_conferencehall_elevator_access,6,5.222694
qv2_004,ConferenceHall,Find the elevator doors,raw_rgbd_hierarchy_clip,True,False,False,0.0,v019,3,raw_cluster_02|raw_cluster_04,6,5.222694
qv2_005,ConferenceHall,Find the round tables,flat_clip,True,True,True,1.0,v017,20,,6,5.222694
qv2_005,ConferenceHall,Find the round tables,manual_hierarchy_clip,True,False,False,0.14285714285714285,v003,8,manual_zone_conferencehall_exit_wayfinding|manual_zone_conferencehall_elevator_access,6,5.222694
qv2_005,ConferenceHall,Find the round tables,raw_rgbd_hierarchy_clip,True,True,True,1.0,v017,15,raw_cluster_01|raw_cluster_06,6,5.222694
qv2_006,ConferenceHall,Find the black piano,flat_clip,True,True,True,1.0,v011,20,,6,5.222694
qv2_006,ConferenceHall,Find the black piano,manual_hierarchy_clip,True,True,True,1.0,v011,8,manual_zone_conferencehall_exit_wayfinding|manual_zone_conferencehall_elevator_access,6,5.222694
qv2_006,ConferenceHall,Find the black piano,raw_rgbd_hierarchy_clip,True,False,False,0.0,v019,3,raw_cluster_02|raw_cluster_04,6,5.222694
qv2_007,ConferenceHall,Find the cream sofas,flat_clip,True,True,True,1.0,v014,20,,7,5.222694
qv2_007,ConferenceHall,Find the cream sofas,manual_hierarchy_clip,True,True,True,1.0,v014,14,manual_zone_conferencehall_lounge_corridor|manual_zone_conferencehall_exit_wayfinding,7,5.222694
qv2_007,ConferenceHall,Find the cream sofas,raw_rgbd_hierarchy_clip,True,True,True,1.0,v014,3,raw_cluster_03|raw_cluster_04,7,5.222694
qv2_008,ConferenceHall,Find the golden elevator doors,flat_clip,True,False,True,0.3333333333333333,v016,20,,7,5.222694
qv2_008,ConferenceHall,Find the golden elevator doors,manual_hierarchy_clip,True,False,False,0.25,v016,14,manual_zone_conferencehall_exit_wayfinding|manual_zone_conferencehall_lounge_corridor,7,5.222694
qv2_008,ConferenceHall,Find the golden elevator doors,raw_rgbd_hierarchy_clip,True,False,False,0.0,v019,3,raw_cluster_02|raw_cluster_04,7,5.222694
qv2_009,ConferenceHall,Find the dark reception counter,flat_clip,True,False,True,0.3333333333333333,v019,20,,7,5.222694
qv2_009,ConferenceHall,Find the dark reception counter,manual_hierarchy_clip,True,False,False,0.0,v019,14,manual_zone_conferencehall_exit_wayfinding|manual_zone_conferencehall_lounge_corridor,7,5.222694
qv2_009,ConferenceHall,Find the dark reception counter,raw_rgbd_hierarchy_clip,True,False,False,0.0,v019,3,raw_cluster_02|raw_cluster_04,7,5.222694
qv2_010,ConferenceHall,Find the white covered chairs,flat_clip,True,True,True,1.0,v017,20,,7,5.222694
qv2_010,ConferenceHall,Find the white covered chairs,manual_hierarchy_clip,True,False,False,0.1,v014,14,manual_zone_conferencehall_exit_wayfinding|manual_zone_conferencehall_lounge_corridor,7,5.222694
qv2_010,ConferenceHall,Find the white covered chairs,raw_rgbd_hierarchy_clip,True,True,True,1.0,v017,5,raw_cluster_06|raw_cluster_03,7,5.222694
qv2_011,ConferenceHall,Find the piano near the wall,flat_clip,True,False,True,0.3333333333333333,v011,20,,8,5.222694
qv2_011,ConferenceHall,Find the piano near the wall,manual_hierarchy_clip,True,False,True,0.3333333333333333,v011,8,manual_zone_conferencehall_exit_wayfinding|manual_zone_conferencehall_elevator_access,8,5.222694
qv2_011,ConferenceHall,Find the piano near the wall,raw_rgbd_hierarchy_clip,True,False,False,0.0,v019,3,raw_cluster_02|raw_cluster_04,8,5.222694
qv2_012,ConferenceHall,Find the chairs around tables,flat_clip,True,False,False,0.06666666666666667,v019,20,,7,5.222694
qv2_012,ConferenceHall,Find the chairs around tables,manual_hierarchy_clip,True,False,False,0.0,v019,14,manual_zone_conferencehall_exit_wayfinding|manual_zone_conferencehall_lounge_corridor,7,5.222694
qv2_012,ConferenceHall,Find the chairs around tables,raw_rgbd_hierarchy_clip,True,False,False,0.0,v019,2,raw_cluster_02|raw_cluster_03,7,5.222694
qv2_013,ConferenceHall,Find the table lamps near the sofas,flat_clip,True,False,True,0.5,v010,20,,10,5.222694
qv2_013,ConferenceHall,Find the table lamps near the sofas,manual_hierarchy_clip,True,False,True,0.5,v010,14,manual_zone_conferencehall_lounge_corridor|manual_zone_conferencehall_exit_wayfinding,10,5.222694
qv2_013,ConferenceHall,Find the table lamps near the sofas,raw_rgbd_hierarchy_clip,True,False,True,0.5,v010,12,raw_cluster_03|raw_cluster_01,10,5.222694
qv2_014,ConferenceHall,Find the column near the piano,flat_clip,True,False,False,0.1111111111111111,v011,20,,8,5.222694
qv2_014,ConferenceHall,Find the column near the piano,manual_hierarchy_clip,True,False,False,0.0,v011,8,manual_zone_conferencehall_exit_wayfinding|manual_zone_conferencehall_elevator_access,8,5.222694
qv2_014,ConferenceHall,Find the column near the piano,raw_rgbd_hierarchy_clip,True,False,False,0.14285714285714285,v011,13,raw_cluster_01|raw_cluster_04,8,5.222694
qv2_015,ConferenceHall,Find the flower vase on the reception counter,flat_clip,True,False,False,0.1111111111111111,v019,20,,10,5.222694
qv2_015,ConferenceHall,Find the flower vase on the reception counter,manual_hierarchy_clip,True,False,False,0.0,v019,14,manual_zone_conferencehall_exit_wayfinding|manual_zone_conferencehall_lounge_corridor,10,5.222694
qv2_015,ConferenceHall,Find the flower vase on the reception counter,raw_rgbd_hierarchy_clip,True,False,False,0.0,v019,2,raw_cluster_02|raw_cluster_03,10,5.222694
qv2_016,ConferenceHall,Find the reception counter in the reception area,flat_clip,True,True,True,1.0,v004,20,,10,5.222694
qv2_016,ConferenceHall,Find the reception counter in the reception area,manual_hierarchy_clip,True,True,True,1.0,v004,6,manual_zone_conferencehall_exit_wayfinding|manual_zone_conferencehall_reception_service,10,5.222694
qv2_016,ConferenceHall,Find the reception counter in the reception area,raw_rgbd_hierarchy_clip,True,True,True,1.0,v004,12,raw_cluster_05|raw_cluster_01,10,5.222694
qv2_017,ConferenceHall,Find the round tables in the banquet seating area,flat_clip,True,True,True,1.0,v018,20,,11,5.222694
qv2_017,ConferenceHall,Find the round tables in the banquet seating area,manual_hierarchy_clip,True,True,True,1.0,v018,7,manual_zone_conferencehall_banquet_hall|manual_zone_conferencehall_exit_wayfinding,11,5.222694
qv2_017,ConferenceHall,Find the round tables in the banquet seating area,raw_rgbd_hierarchy_clip,True,True,True,1.0,v018,15,raw_cluster_06|raw_cluster_01,11,5.222694
qv2_018,ConferenceHall,Find the sofas in the lounge seating area,flat_clip,True,True,True,1.0,v002,20,,11,5.222694
qv2_018,ConferenceHall,Find the sofas in the lounge seating area,manual_hierarchy_clip,True,True,True,1.0,v002,14,manual_zone_conferencehall_lounge_corridor|manual_zone_conferencehall_exit_wayfinding,11,5.222694
qv2_018,ConferenceHall,Find the sofas in the lounge seating area,raw_rgbd_hierarchy_clip,True,True,True,1.0,v002,12,raw_cluster_05|raw_cluster_01,11,5.222694
qv2_019,ConferenceHall,Find the piano in the piano area,flat_clip,True,True,True,1.0,v011,20,,9,5.222694
qv2_019,ConferenceHall,Find the piano in the piano area,manual_hierarchy_clip,True,True,True,1.0,v011,8,manual_zone_conferencehall_exit_wayfinding|manual_zone_conferencehall_elevator_access,9,5.222694
qv2_019,ConferenceHall,Find the piano in the piano area,raw_rgbd_hierarchy_clip,True,True,True,1.0,v011,12,raw_cluster_02|raw_cluster_01,9,5.222694
qv2_020,ConferenceHall,Find the green exit sign in the exit or doorway area,flat_clip,True,True,True,1.0,v019,20,,13,5.222694
qv2_020,ConferenceHall,Find the green exit sign in the exit or doorway area,manual_hierarchy_clip,True,True,True,1.0,v019,8,manual_zone_conferencehall_exit_wayfinding|manual_zone_conferencehall_elevator_access,13,5.222694
qv2_020,ConferenceHall,Find the green exit sign in the exit or doorway area,raw_rgbd_hierarchy_clip,True,True,True,1.0,v019,3,raw_cluster_02|raw_cluster_04,13,5.222694
qv2_021,ConferenceHall,Find an area where someone can sit,flat_clip,True,False,True,0.5,v019,20,,9,5.222694
qv2_021,ConferenceHall,Find an area where someone can sit,manual_hierarchy_clip,True,False,True,0.5,v019,14,manual_zone_conferencehall_exit_wayfinding|manual_zone_conferencehall_lounge_corridor,9,5.222694
qv2_021,ConferenceHall,Find an area where someone can sit,raw_rgbd_hierarchy_clip,True,False,True,0.5,v019,2,raw_cluster_02|raw_cluster_03,9,5.222694
qv2_022,ConferenceHall,Find an area suitable for a meeting,flat_clip,True,False,True,0.5,v012,20,,9,5.222694
qv2_022,ConferenceHall,Find an area suitable for a meeting,manual_hierarchy_clip,True,True,True,1.0,v018,7,manual_zone_conferencehall_exit_wayfinding|manual_zone_conferencehall_banquet_hall,9,5.222694
qv2_022,ConferenceHall,Find an area suitable for a meeting,raw_rgbd_hierarchy_clip,True,False,True,0.5,v012,15,raw_cluster_06|raw_cluster_01,9,5.222694
qv2_023,ConferenceHall,Find where a visitor could ask for reception help,flat_clip,True,True,True,1.0,v004,20,,11,5.222694
qv2_023,ConferenceHall,Find where a visitor could ask for reception help,manual_hierarchy_clip,True,True,True,1.0,v004,6,manual_zone_conferencehall_exit_wayfinding|manual_zone_conferencehall_reception_service,11,5.222694
qv2_023,ConferenceHall,Find where a visitor could ask for reception help,raw_rgbd_hierarchy_clip,True,True,True,1.0,v004,5,raw_cluster_05|raw_cluster_06,11,5.222694
qv2_024,ConferenceHall,Find a wayfinding or exit area,flat_clip,True,False,False,0.1111111111111111,v013,20,,9,5.222694
qv2_024,ConferenceHall,Find a wayfinding or exit area,manual_hierarchy_clip,True,False,False,0.2,v013,8,manual_zone_conferencehall_exit_wayfinding|manual_zone_conferencehall_elevator_access,9,5.222694
qv2_024,ConferenceHall,Find a wayfinding or exit area,raw_rgbd_hierarchy_clip,True,False,False,0.125,v013,12,raw_cluster_01|raw_cluster_02,9,5.222694
qv2_025,ConferenceHall,Find the elevator access area,flat_clip,True,False,True,0.5,v019,20,,7,5.222694
qv2_025,ConferenceHall,Find the elevator access area,manual_hierarchy_clip,True,False,True,0.5,v019,8,manual_zone_conferencehall_exit_wayfinding|manual_zone_conferencehall_elevator_access,7,5.222694
qv2_025,ConferenceHall,Find the elevator access area,raw_rgbd_hierarchy_clip,True,False,True,0.5,v019,12,raw_cluster_02|raw_cluster_01,7,5.222694
qv2_026,ConferenceHall,Find bed,flat_clip,False,,,,v020,20,,4,5.222694
qv2_026,ConferenceHall,Find bed,manual_hierarchy_clip,False,,,,v020,14,manual_zone_conferencehall_exit_wayfinding|manual_zone_conferencehall_lounge_corridor,4,5.222694
qv2_026,ConferenceHall,Find bed,raw_rgbd_hierarchy_clip,False,,,,v019,2,raw_cluster_02|raw_cluster_03,4,5.222694
qv2_027,ConferenceHall,Find shower,flat_clip,False,,,,v019,20,,4,5.222694
qv2_027,ConferenceHall,Find shower,manual_hierarchy_clip,False,,,,v019,14,manual_zone_conferencehall_exit_wayfinding|manual_zone_conferencehall_lounge_corridor,4,5.222694
qv2_027,ConferenceHall,Find shower,raw_rgbd_hierarchy_clip,False,,,,v019,3,raw_cluster_02|raw_cluster_04,4,5.222694
qv2_028,ConferenceHall,Find vehicle,flat_clip,False,,,,v019,20,,4,5.222694
qv2_028,ConferenceHall,Find vehicle,manual_hierarchy_clip,False,,,,v019,14,manual_zone_conferencehall_exit_wayfinding|manual_zone_conferencehall_lounge_corridor,4,5.222694
qv2_028,ConferenceHall,Find vehicle,raw_rgbd_hierarchy_clip,False,,,,v019,3,raw_cluster_02|raw_cluster_04,4,5.222694
qv2_029,ConferenceHall,Find swimming pool,flat_clip,False,,,,v014,20,,5,5.222694
qv2_029,ConferenceHall,Find swimming pool,manual_hierarchy_clip,False,,,,v014,8,manual_zone_conferencehall_exit_wayfinding|manual_zone_conferencehall_elevator_access,5,5.222694
qv2_029,ConferenceHall,Find swimming pool,raw_rgbd_hierarchy_clip,False,,,,v014,2,raw_cluster_03|raw_cluster_05,5,5.222694
qv2_030,ConferenceHall,Find kitchen stove,flat_clip,False,,,,v020,20,,5,5.222694
qv2_030,ConferenceHall,Find kitchen stove,manual_hierarchy_clip,False,,,,v020,14,manual_zone_conferencehall_exit_wayfinding|manual_zone_conferencehall_lounge_corridor,5,5.222694
qv2_030,ConferenceHall,Find kitchen stove,raw_rgbd_hierarchy_clip,False,,,,v020,3,raw_cluster_04|raw_cluster_02,5,5.222694
qv2_031,Museume,Find the information counter,flat_clip,True,True,True,1.0,v001,20,,6,5.222694
qv2_031,Museume,Find the information counter,manual_hierarchy_clip,True,True,True,1.0,v001,6,manual_zone_museume_entrance_information|manual_zone_museume_visitor_seating_workshop,6,5.222694
qv2_031,Museume,Find the information counter,raw_rgbd_hierarchy_clip,True,True,True,1.0,v001,5,raw_cluster_01|raw_cluster_05,6,5.222694
qv2_032,Museume,Find the stairs,flat_clip,True,False,False,0.09090909090909091,v002,20,,5,5.222694
qv2_032,Museume,Find the stairs,manual_hierarchy_clip,True,False,False,0.2,v002,6,manual_zone_museume_entrance_information|manual_zone_museume_visitor_seating_workshop,5,5.222694
qv2_032,Museume,Find the stairs,raw_rgbd_hierarchy_clip,True,False,False,0.0,v002,6,raw_cluster_05|raw_cluster_03,5,5.222694
qv2_033,Museume,Find the red exhibition panel,flat_clip,True,True,True,1.0,v008,20,,7,3.5461
qv2_033,Museume,Find the red exhibition panel,manual_hierarchy_clip,True,True,True,1.0,v008,9,manual_zone_museume_visitor_seating_workshop|manual_zone_museume_window_mesh_side,7,3.5461
qv2_033,Museume,Find the red exhibition panel,raw_rgbd_hierarchy_clip,True,True,True,1.0,v008,14,raw_cluster_04|raw_cluster_05,7,3.5461
qv2_034,Museume,Find the stone ruin,flat_clip,True,False,True,0.5,v010,20,,6,3.5461
qv2_034,Museume,Find the stone ruin,manual_hierarchy_clip,True,False,True,0.5,v010,13,manual_zone_museume_ruin_label_gallery|manual_zone_museume_red_panel_gallery,6,3.5461
qv2_034,Museume,Find the stone ruin,raw_rgbd_hierarchy_clip,True,False,False,0.0,v010,6,raw_cluster_03|raw_cluster_05,6,3.5461
qv2_035,Museume,Find the Reichenstein information panel,flat_clip,True,True,True,1.0,v019,20,,9,3.5461
qv2_035,Museume,Find the Reichenstein information panel,manual_hierarchy_clip,True,True,True,1.0,v019,8,manual_zone_museume_reichenstein_media|manual_zone_museume_window_mesh_side,9,3.5461
qv2_035,Museume,Find the Reichenstein information panel,raw_rgbd_hierarchy_clip,True,True,True,1.0,v019,12,raw_cluster_02|raw_cluster_04,9,3.5461
qv2_036,Museume,Find the bright green information screens,flat_clip,True,False,False,0.25,v002,20,,8,3.5461
qv2_036,Museume,Find the bright green information screens,manual_hierarchy_clip,True,False,True,0.5,v002,6,manual_zone_museume_entrance_information|manual_zone_museume_visitor_seating_workshop,8,3.5461
qv2_036,Museume,Find the bright green information screens,raw_rgbd_hierarchy_clip,True,False,False,0.0,v002,5,raw_cluster_05|raw_cluster_06,8,3.5461
qv2_037,Museume,Find the bright yellow circular graphic,flat_clip,True,True,True,1.0,v003,20,,8,3.5461
qv2_037,Museume,Find the bright yellow circular graphic,manual_hierarchy_clip,True,True,True,1.0,v003,14,manual_zone_museume_red_panel_gallery|manual_zone_museume_visitor_seating_workshop,8,3.5461
qv2_037,Museume,Find the bright yellow circular graphic,raw_rgbd_hierarchy_clip,True,True,True,1.0,v003,5,raw_cluster_06|raw_cluster_05,8,3.5461
qv2_038,Museume,Find the black metal mesh partitions,flat_clip,True,True,True,1.0,v011,20,,9,3.5461
qv2_038,Museume,Find the black metal mesh partitions,manual_hierarchy_clip,True,True,True,1.0,v011,9,manual_zone_museume_window_mesh_side|manual_zone_museume_visitor_seating_workshop,9,3.5461
qv2_038,Museume,Find the black metal mesh partitions,raw_rgbd_hierarchy_clip,True,True,True,1.0,v011,14,raw_cluster_05|raw_cluster_04,9,3.5461
qv2_039,Museume,Find the red text exhibition panel,flat_clip,True,True,True,1.0,v008,20,,8,3.5461
qv2_039,Museume,Find the red text exhibition panel,manual_hierarchy_clip,True,True,True,1.0,v008,9,manual_zone_museume_window_mesh_side|manual_zone_museume_visitor_seating_workshop,8,3.5461
qv2_039,Museume,Find the red text exhibition panel,raw_rgbd_hierarchy_clip,True,True,True,1.0,v008,11,raw_cluster_04|raw_cluster_06,8,3.5461
qv2_040,Museume,Find the tall windows with an outside view,flat_clip,True,False,False,0.1,v014,20,,10,3.5461
qv2_040,Museume,Find the tall windows with an outside view,manual_hierarchy_clip,True,False,False,0.25,v002,6,manual_zone_museume_entrance_information|manual_zone_museume_visitor_seating_workshop,10,3.5461
qv2_040,Museume,Find the tall windows with an outside view,raw_rgbd_hierarchy_clip,True,False,False,0.0,v014,6,raw_cluster_05|raw_cluster_03,10,3.5461
qv2_041,Museume,Find the stairs with the metal railing,flat_clip,True,False,False,0.05,v014,20,,10,3.5461
qv2_041,Museume,Find the stairs with the metal railing,manual_hierarchy_clip,True,False,False,0.0,v011,9,manual_zone_museume_visitor_seating_workshop|manual_zone_museume_window_mesh_side,10,3.5461
qv2_041,Museume,Find the stairs with the metal railing,raw_rgbd_hierarchy_clip,True,False,False,0.0,v014,14,raw_cluster_05|raw_cluster_04,10,3.5461
qv2_042,Museume,Find the historical photographs on the red panel,flat_clip,True,True,True,1.0,v006,20,,10,3.5461
qv2_042,Museume,Find the historical photographs on the red panel,manual_hierarchy_clip,True,True,True,1.0,v006,16,manual_zone_museume_red_panel_gallery|manual_zone_museume_window_mesh_side,10,3.5461
qv2_042,Museume,Find the historical photographs on the red panel,raw_rgbd_hierarchy_clip,True,True,True,1.0,v006,14,raw_cluster_04|raw_cluster_05,10,3.5461
qv2_043,Museume,Find the visitor chairs,flat_clip,True,True,True,1.0,v002,20,,6,3.5461
qv2_043,Museume,Find the visitor chairs,manual_hierarchy_clip,True,True,True,1.0,v002,6,manual_zone_museume_visitor_seating_workshop|manual_zone_museume_entrance_information,6,3.5461
qv2_043,Museume,Find the visitor chairs,raw_rgbd_hierarchy_clip,True,True,True,1.0,v002,14,raw_cluster_05|raw_cluster_04,6,3.5461
qv2_044,Museume,Find the display labels near the stone ruin,flat_clip,True,True,True,1.0,v005,20,,10,3.5461
qv2_044,Museume,Find the display labels near the stone ruin,manual_hierarchy_clip,True,True,True,1.0,v005,13,manual_zone_museume_ruin_label_gallery|manual_zone_museume_red_panel_gallery,10,3.5461
qv2_044,Museume,Find the display labels near the stone ruin,raw_rgbd_hierarchy_clip,True,True,True,1.0,v005,12,raw_cluster_03|raw_cluster_04,10,3.5461
qv2_045,Museume,Find the yellow floor marker on the gallery floor,flat_clip,True,False,False,0.25,v003,20,,11,3.5461
qv2_045,Museume,Find the yellow floor marker on the gallery floor,manual_hierarchy_clip,True,False,False,0.25,v003,14,manual_zone_museume_visitor_seating_workshop|manual_zone_museume_red_panel_gallery,11,3.5461
qv2_045,Museume,Find the yellow floor marker on the gallery floor,raw_rgbd_hierarchy_clip,True,False,True,0.3333333333333333,v003,5,raw_cluster_05|raw_cluster_06,11,3.5461
qv2_046,Museume,Find the information counter in the information counter area,flat_clip,True,False,True,0.5,v020,20,,11,3.5461
qv2_046,Museume,Find the information counter in the information counter area,manual_hierarchy_clip,True,False,True,0.5,v020,6,manual_zone_museume_entrance_information|manual_zone_museume_visitor_seating_workshop,11,3.5461
qv2_046,Museume,Find the information counter in the information counter area,raw_rgbd_hierarchy_clip,True,True,True,1.0,v001,2,raw_cluster_01|raw_cluster_06,11,3.5461
qv2_047,Museume,Find the stairs in the stair area,flat_clip,True,False,False,0.1,v002,20,,9,3.5461
qv2_047,Museume,Find the stairs in the stair area,manual_hierarchy_clip,True,False,False,0.25,v002,6,manual_zone_museume_entrance_information|manual_zone_museume_visitor_seating_workshop,9,3.5461
qv2_047,Museume,Find the stairs in the stair area,raw_rgbd_hierarchy_clip,True,False,False,0.0,v002,6,raw_cluster_05|raw_cluster_03,9,3.5461
qv2_048,Museume,Find the stone wall ruin in the ruin display area,flat_clip,True,False,True,0.5,v005,20,,12,3.5461
qv2_048,Museume,Find the stone wall ruin in the ruin display area,manual_hierarchy_clip,True,False,True,0.5,v005,13,manual_zone_museume_ruin_label_gallery|manual_zone_museume_red_panel_gallery,12,3.5461
qv2_048,Museume,Find the stone wall ruin in the ruin display area,raw_rgbd_hierarchy_clip,True,False,True,0.5,v005,12,raw_cluster_03|raw_cluster_04,12,3.5461
qv2_049,Museume,Find the red exhibition panel in the red panel area,flat_clip,True,False,True,0.3333333333333333,v008,20,,12,3.5461
qv2_049,Museume,Find the red exhibition panel in the red panel area,manual_hierarchy_clip,True,False,True,0.3333333333333333,v008,14,manual_zone_museume_visitor_seating_workshop|manual_zone_museume_red_panel_gallery,12,3.5461
qv2_049,Museume,Find the red exhibition panel in the red panel area,raw_rgbd_hierarchy_clip,True,False,True,0.3333333333333333,v008,14,raw_cluster_04|raw_cluster_05,12,3.5461
qv2_050,Museume,Find the tall windows on the window side,flat_clip,True,False,False,0.1,v002,20,,10,3.5461
qv2_050,Museume,Find the tall windows on the window side,manual_hierarchy_clip,True,False,False,0.0,v002,6,manual_zone_museume_entrance_information|manual_zone_museume_visitor_seating_workshop,10,3.5461
qv2_050,Museume,Find the tall windows on the window side,raw_rgbd_hierarchy_clip,True,False,False,0.0,v002,6,raw_cluster_05|raw_cluster_03,10,3.5461
qv2_051,Museume,Find where a museum visitor could get information,flat_clip,True,False,False,0.07692307692307693,v009,20,,10,3.5461
qv2_051,Museume,Find where a museum visitor could get information,manual_hierarchy_clip,True,False,False,0.0,v009,16,manual_zone_museume_window_mesh_side|manual_zone_museume_red_panel_gallery,10,3.5461
qv2_051,Museume,Find where a museum visitor could get information,raw_rgbd_hierarchy_clip,True,False,False,0.0,v009,12,raw_cluster_04|raw_cluster_02,10,3.5461
qv2_052,Museume,Find an area suitable for viewing exhibits,flat_clip,True,True,True,1.0,v005,20,,9,3.5461
qv2_052,Museume,Find an area suitable for viewing exhibits,manual_hierarchy_clip,True,True,True,1.0,v005,13,manual_zone_museume_red_panel_gallery|manual_zone_museume_ruin_label_gallery,9,3.5461
qv2_052,Museume,Find an area suitable for viewing exhibits,raw_rgbd_hierarchy_clip,True,True,True,1.0,v005,14,raw_cluster_04|raw_cluster_05,9,3.5461
qv2_053,Museume,Find a place where a visitor can sit,flat_clip,True,True,True,1.0,v002,20,,10,3.5461
qv2_053,Museume,Find a place where a visitor can sit,manual_hierarchy_clip,True,True,True,1.0,v002,6,manual_zone_museume_visitor_seating_workshop|manual_zone_museume_entrance_information,10,3.5461
qv2_053,Museume,Find a place where a visitor can sit,raw_rgbd_hierarchy_clip,True,True,True,1.0,v002,14,raw_cluster_05|raw_cluster_04,10,3.5461
qv2_054,Museume,Find the museum entrance or exit area,flat_clip,True,False,False,0.25,v009,20,,9,3.5461
qv2_054,Museume,Find the museum entrance or exit area,manual_hierarchy_clip,True,False,False,0.0,v009,13,manual_zone_museume_ruin_label_gallery|manual_zone_museume_red_panel_gallery,9,3.5461
qv2_054,Museume,Find the museum entrance or exit area,raw_rgbd_hierarchy_clip,True,False,False,0.25,v009,14,raw_cluster_04|raw_cluster_05,9,3.5461
qv2_055,Museume,Find a place with exhibit labels to read,flat_clip,True,False,False,0.2,v003,20,,10,3.5461
qv2_055,Museume,Find a place with exhibit labels to read,manual_hierarchy_clip,True,False,False,0.2,v003,16,manual_zone_museume_window_mesh_side|manual_zone_museume_red_panel_gallery,10,3.5461
qv2_055,Museume,Find a place with exhibit labels to read,raw_rgbd_hierarchy_clip,True,False,False,0.25,v003,11,raw_cluster_04|raw_cluster_06,10,3.5461
qv2_056,Museume,Find grand piano,flat_clip,False,,,,v007,20,,5,3.5461
qv2_056,Museume,Find grand piano,manual_hierarchy_clip,False,,,,v007,14,manual_zone_museume_visitor_seating_workshop|manual_zone_museume_red_panel_gallery,5,3.5461
qv2_056,Museume,Find grand piano,raw_rgbd_hierarchy_clip,False,,,,v007,14,raw_cluster_05|raw_cluster_04,5,3.5461
qv2_057,Museume,Find swimming pool,flat_clip,False,,,,v014,20,,5,3.5461
qv2_057,Museume,Find swimming pool,manual_hierarchy_clip,False,,,,v002,6,manual_zone_museume_visitor_seating_workshop|manual_zone_museume_entrance_information,5,3.5461
qv2_057,Museume,Find swimming pool,raw_rgbd_hierarchy_clip,False,,,,v014,6,raw_cluster_05|raw_cluster_03,5,3.5461
qv2_058,Museume,Find bed,flat_clip,False,,,,v002,20,,4,3.5461
qv2_058,Museume,Find bed,manual_hierarchy_clip,False,,,,v002,6,manual_zone_museume_visitor_seating_workshop|manual_zone_museume_entrance_information,4,3.5461
qv2_058,Museume,Find bed,raw_rgbd_hierarchy_clip,False,,,,v002,6,raw_cluster_05|raw_cluster_03,4,3.5461
qv2_059,Museume,Find shower,flat_clip,False,,,,v013,20,,4,3.5461
qv2_059,Museume,Find shower,manual_hierarchy_clip,False,,,,v013,14,manual_zone_museume_visitor_seating_workshop|manual_zone_museume_red_panel_gallery,4,3.5461
qv2_059,Museume,Find shower,raw_rgbd_hierarchy_clip,False,,,,v013,6,raw_cluster_05|raw_cluster_03,4,3.5461
qv2_060,Museume,Find projection screen,flat_clip,False,,,,v007,20,,5,3.5461
qv2_060,Museume,Find projection screen,manual_hierarchy_clip,False,,,,v007,6,manual_zone_museume_visitor_seating_workshop|manual_zone_museume_entrance_information,5,3.5461
qv2_060,Museume,Find projection screen,raw_rgbd_hierarchy_clip,False,,,,v007,14,raw_cluster_05|raw_cluster_04,5,3.5461
qv2_061,Theater,Find the black stage curtain,flat_clip,True,False,False,0.125,v010,20,,7,3.5461
qv2_061,Theater,Find the black stage curtain,manual_hierarchy_clip,True,False,False,0.0,v010,5,manual_zone_theater_performance_seating|manual_zone_theater_lounge_green_room,7,3.5461
qv2_061,Theater,Find the black stage curtain,raw_rgbd_hierarchy_clip,True,False,False,0.14285714285714285,v010,11,raw_cluster_01|raw_cluster_03,7,3.5461
qv2_062,Theater,Find the red upholstered seats,flat_clip,True,False,True,0.3333333333333333,v011,20,,8,3.5461
qv2_062,Theater,Find the red upholstered seats,manual_hierarchy_clip,True,False,True,0.3333333333333333,v011,5,manual_zone_theater_performance_seating|manual_zone_theater_lounge_green_room,8,3.5461
qv2_062,Theater,Find the red upholstered seats,raw_rgbd_hierarchy_clip,True,False,False,0.0,v011,11,raw_cluster_03|raw_cluster_01,8,3.5461
qv2_063,Theater,Find the green exit sign,flat_clip,True,False,False,0.05555555555555555,v008,20,,7,3.5461
qv2_063,Theater,Find the green exit sign,manual_hierarchy_clip,True,False,False,0.1,v001,10,manual_zone_theater_stage_backstage|manual_zone_theater_lobby_notice,7,3.5461
qv2_063,Theater,Find the green exit sign,raw_rgbd_hierarchy_clip,True,False,False,0.0,v008,8,raw_cluster_04|raw_cluster_01,7,3.5461
qv2_064,Theater,Find the staircase,flat_clip,True,True,True,1.0,v001,20,,5,3.5461
qv2_064,Theater,Find the staircase,manual_hierarchy_clip,True,True,True,1.0,v001,13,manual_zone_theater_stairs_foyer_balcony|manual_zone_theater_stage_backstage,5,3.5461
qv2_064,Theater,Find the staircase,raw_rgbd_hierarchy_clip,True,True,True,1.0,v001,12,raw_cluster_05|raw_cluster_01,5,3.5461
qv2_065,Theater,Find the wall-mounted TV,flat_clip,True,False,True,0.3333333333333333,v012,20,,8,3.946959
qv2_065,Theater,Find the wall-mounted TV,manual_hierarchy_clip,True,False,True,0.3333333333333333,v012,5,manual_zone_theater_performance_seating|manual_zone_theater_lounge_green_room,8,3.946959
qv2_065,Theater,Find the wall-mounted TV,raw_rgbd_hierarchy_clip,True,False,True,0.5,v012,9,raw_cluster_01|raw_cluster_06,8,3.946959
qv2_066,Theater,Find the bright red upholstered seats,flat_clip,True,True,True,1.0,v004,20,,9,3.946959
qv2_066,Theater,Find the bright red upholstered seats,manual_hierarchy_clip,True,True,True,1.0,v004,5,manual_zone_theater_performance_seating|manual_zone_theater_lounge_green_room,9,3.946959
qv2_066,Theater,Find the bright red upholstered seats,raw_rgbd_hierarchy_clip,True,True,True,1.0,v004,6,raw_cluster_03|raw_cluster_06,9,3.946959
qv2_067,Theater,Find the closed white door,flat_clip,True,True,True,1.0,v006,20,,7,3.946959
qv2_067,Theater,Find the closed white door,manual_hierarchy_clip,True,True,True,1.0,v006,10,manual_zone_theater_stage_backstage|manual_zone_theater_lobby_notice,7,3.946959
qv2_067,Theater,Find the closed white door,raw_rgbd_hierarchy_clip,True,False,False,0.0,v008,8,raw_cluster_04|raw_cluster_01,7,3.946959
qv2_068,Theater,Find the large black stage curtain,flat_clip,True,False,False,0.14285714285714285,v016,20,,8,3.946959
qv2_068,Theater,Find the large black stage curtain,manual_hierarchy_clip,True,False,False,0.0,v010,5,manual_zone_theater_performance_seating|manual_zone_theater_lounge_green_room,8,3.946959
qv2_068,Theater,Find the large black stage curtain,raw_rgbd_hierarchy_clip,True,False,False,0.16666666666666666,v016,11,raw_cluster_03|raw_cluster_01,8,3.946959
qv2_069,Theater,Find the pale green corridor walls,flat_clip,True,True,True,1.0,v013,20,,8,3.946959
qv2_069,Theater,Find the pale green corridor walls,manual_hierarchy_clip,True,True,True,1.0,v013,12,manual_zone_theater_stairs_foyer_balcony|manual_zone_theater_lobby_notice,8,3.946959
qv2_069,Theater,Find the pale green corridor walls,raw_rgbd_hierarchy_clip,True,True,True,1.0,v013,12,raw_cluster_05|raw_cluster_01,8,3.946959
qv2_070,Theater,Find the warm wall lamps,flat_clip,True,False,False,0.2,v008,20,,7,3.946959
qv2_070,Theater,Find the warm wall lamps,manual_hierarchy_clip,True,False,False,0.0,v004,8,manual_zone_theater_performance_seating|manual_zone_theater_lobby_notice,7,3.946959
qv2_070,Theater,Find the warm wall lamps,raw_rgbd_hierarchy_clip,True,False,False,0.0,v012,11,raw_cluster_03|raw_cluster_01,7,3.946959
qv2_071,Theater,Find the green exit sign above the doorway,flat_clip,True,False,False,0.1,v008,20,,10,3.946959
qv2_071,Theater,Find the green exit sign above the doorway,manual_hierarchy_clip,True,False,False,0.14285714285714285,v013,12,manual_zone_theater_lobby_notice|manual_zone_theater_stairs_foyer_balcony,10,3.946959
qv2_071,Theater,Find the green exit sign above the doorway,raw_rgbd_hierarchy_clip,True,False,False,0.0,v008,6,raw_cluster_04|raw_cluster_05,10,3.946959
qv2_072,Theater,Find the clock above the bookcase,flat_clip,True,True,True,1.0,v010,20,,9,3.946959
qv2_072,Theater,Find the clock above the bookcase,manual_hierarchy_clip,True,True,True,1.0,v010,5,manual_zone_theater_lounge_green_room|manual_zone_theater_performance_seating,9,3.946959
qv2_072,Theater,Find the clock above the bookcase,raw_rgbd_hierarchy_clip,True,True,True,1.0,v010,11,raw_cluster_03|raw_cluster_01,9,3.946959
qv2_073,Theater,Find the chairs around the room,flat_clip,True,False,False,0.2,v010,20,,8,3.946959
qv2_073,Theater,Find the chairs around the room,manual_hierarchy_clip,True,False,True,0.3333333333333333,v010,5,manual_zone_theater_performance_seating|manual_zone_theater_lounge_green_room,8,3.946959
qv2_073,Theater,Find the chairs around the room,raw_rgbd_hierarchy_clip,True,False,False,0.2,v010,11,raw_cluster_03|raw_cluster_01,8,3.946959
qv2_074,Theater,Find the staircase through the doorway,flat_clip,True,True,True,1.0,v001,20,,8,3.946959
qv2_074,Theater,Find the staircase through the doorway,manual_hierarchy_clip,True,True,True,1.0,v001,13,manual_zone_theater_stairs_foyer_balcony|manual_zone_theater_stage_backstage,8,3.946959
qv2_074,Theater,Find the staircase through the doorway,raw_rgbd_hierarchy_clip,True,False,False,0.0,v008,6,raw_cluster_04|raw_cluster_05,8,3.946959
qv2_075,Theater,Find the keyboard or instrument stand on the right side,flat_clip,True,False,False,0.07692307692307693,v010,20,,12,3.946959
qv2_075,Theater,Find the keyboard or instrument stand on the right side,manual_hierarchy_clip,True,False,False,0.2,v010,5,manual_zone_theater_performance_seating|manual_zone_theater_lounge_green_room,12,3.946959
qv2_075,Theater,Find the keyboard or instrument stand on the right side,raw_rgbd_hierarchy_clip,True,False,False,0.1111111111111111,v010,11,raw_cluster_03|raw_cluster_01,12,3.946959
qv2_076,Theater,Find the black stage curtain in the stage area,flat_clip,True,False,False,0.09090909090909091,v016,20,,11,3.946959
qv2_076,Theater,Find the black stage curtain in the stage area,manual_hierarchy_clip,True,False,False,0.0,v011,8,manual_zone_theater_lobby_notice|manual_zone_theater_performance_seating,11,3.946959
qv2_076,Theater,Find the black stage curtain in the stage area,raw_rgbd_hierarchy_clip,True,False,False,0.0,v016,5,raw_cluster_04|raw_cluster_03,11,3.946959
qv2_077,Theater,Find the red upholstered seats in the lobby seating area,flat_clip,True,True,True,1.0,v004,20,,13,3.946959
qv2_077,Theater,Find the red upholstered seats in the lobby seating area,manual_hierarchy_clip,True,True,True,1.0,v004,12,manual_zone_theater_performance_seating|manual_zone_theater_stairs_foyer_balcony,13,3.946959
qv2_077,Theater,Find the red upholstered seats in the lobby seating area,raw_rgbd_hierarchy_clip,True,False,False,0.0,v020,9,raw_cluster_03|raw_cluster_05,13,3.946959
qv2_078,Theater,Find the digital schedule screen on the notice wall,flat_clip,True,True,True,1.0,v005,20,,11,3.946959
qv2_078,Theater,Find the digital schedule screen on the notice wall,manual_hierarchy_clip,True,True,True,1.0,v005,8,manual_zone_theater_lobby_notice|manual_zone_theater_lounge_green_room,11,3.946959
qv2_078,Theater,Find the digital schedule screen on the notice wall,raw_rgbd_hierarchy_clip,True,True,True,1.0,v005,8,raw_cluster_02|raw_cluster_01,11,3.946959
qv2_079,Theater,Find the black railing on the railing side,flat_clip,True,False,False,0.25,v001,20,,12,3.946959
qv2_079,Theater,Find the black railing on the railing side,manual_hierarchy_clip,True,False,True,0.3333333333333333,v001,13,manual_zone_theater_stairs_foyer_balcony|manual_zone_theater_stage_backstage,12,3.946959
qv2_079,Theater,Find the black railing on the railing side,raw_rgbd_hierarchy_clip,True,False,True,0.3333333333333333,v001,12,raw_cluster_01|raw_cluster_05,12,3.946959
qv2_080,Theater,Find the corridor passage in the backstage corridor,flat_clip,True,False,True,0.5,v013,20,,10,3.946959
qv2_080,Theater,Find the corridor passage in the backstage corridor,manual_hierarchy_clip,True,False,True,0.5,v013,12,manual_zone_theater_lobby_notice|manual_zone_theater_stairs_foyer_balcony,10,3.946959
qv2_080,Theater,Find the corridor passage in the backstage corridor,raw_rgbd_hierarchy_clip,True,False,True,0.5,v013,12,raw_cluster_01|raw_cluster_05,10,3.946959
qv2_081,Theater,Find an area suitable for watching a performance,flat_clip,True,True,True,1.0,v011,20,,10,3.946959
qv2_081,Theater,Find an area suitable for watching a performance,manual_hierarchy_clip,True,True,True,1.0,v011,8,manual_zone_theater_lobby_notice|manual_zone_theater_performance_seating,10,3.946959
qv2_081,Theater,Find an area suitable for watching a performance,raw_rgbd_hierarchy_clip,True,True,True,1.0,v011,11,raw_cluster_01|raw_cluster_03,10,3.946959
qv2_082,Theater,Find an area suitable for performing,flat_clip,True,False,False,0.07692307692307693,v005,20,,8,3.946959
qv2_082,Theater,Find an area suitable for performing,manual_hierarchy_clip,True,False,False,0.0,v005,12,manual_zone_theater_lobby_notice|manual_zone_theater_stairs_foyer_balcony,8,3.946959
qv2_082,Theater,Find an area suitable for performing,raw_rgbd_hierarchy_clip,True,False,False,0.0,v005,3,raw_cluster_06|raw_cluster_02,8,3.946959
qv2_083,Theater,Find a theater exit or wayfinding area,flat_clip,True,False,False,0.09090909090909091,v006,20,,10,3.946959
qv2_083,Theater,Find a theater exit or wayfinding area,manual_hierarchy_clip,True,False,False,0.1,v006,12,manual_zone_theater_lobby_notice|manual_zone_theater_stairs_foyer_balcony,10,3.946959
qv2_083,Theater,Find a theater exit or wayfinding area,raw_rgbd_hierarchy_clip,True,False,False,0.14285714285714285,v006,7,raw_cluster_05|raw_cluster_06,10,3.946959
qv2_084,Theater,Find where a visitor could check the schedule,flat_clip,True,True,True,1.0,v005,20,,10,3.946959
qv2_084,Theater,Find where a visitor could check the schedule,manual_hierarchy_clip,True,True,True,1.0,v005,12,manual_zone_theater_lobby_notice|manual_zone_theater_stairs_foyer_balcony,10,3.946959
qv2_084,Theater,Find where a visitor could check the schedule,raw_rgbd_hierarchy_clip,True,True,True,1.0,v005,6,raw_cluster_02|raw_cluster_05,10,3.946959
qv2_085,Theater,Find a theater lounge seating area,flat_clip,True,True,True,1.0,v011,20,,8,3.946959
qv2_085,Theater,Find a theater lounge seating area,manual_hierarchy_clip,True,True,True,1.0,v011,8,manual_zone_theater_performance_seating|manual_zone_theater_lobby_notice,8,3.946959
qv2_085,Theater,Find a theater lounge seating area,raw_rgbd_hierarchy_clip,True,False,False,0.25,v004,6,raw_cluster_03|raw_cluster_06,8,3.946959
qv2_086,Theater,Find swimming pool,flat_clip,False,,,,v013,20,,5,3.946959
qv2_086,Theater,Find swimming pool,manual_hierarchy_clip,False,,,,v013,13,manual_zone_theater_stairs_foyer_balcony|manual_zone_theater_stage_backstage,5,3.946959
qv2_086,Theater,Find swimming pool,raw_rgbd_hierarchy_clip,False,,,,v008,8,raw_cluster_01|raw_cluster_04,5,3.946959
qv2_087,Theater,Find bicycle,flat_clip,False,,,,v002,20,,4,3.946959
qv2_087,Theater,Find bicycle,manual_hierarchy_clip,False,,,,v002,13,manual_zone_theater_stage_backstage|manual_zone_theater_stairs_foyer_balcony,4,3.946959
qv2_087,Theater,Find bicycle,raw_rgbd_hierarchy_clip,False,,,,v002,11,raw_cluster_01|raw_cluster_03,4,3.946959
qv2_088,Theater,Find kitchen stove,flat_clip,False,,,,v002,20,,5,3.946959
qv2_088,Theater,Find kitchen stove,manual_hierarchy_clip,False,,,,v002,12,manual_zone_theater_stage_backstage|manual_zone_theater_performance_seating,5,3.946959
qv2_088,Theater,Find kitchen stove,raw_rgbd_hierarchy_clip,False,,,,v002,11,raw_cluster_01|raw_cluster_03,5,3.946959
qv2_089,Theater,Find fortress island,flat_clip,False,,,,v008,20,,5,3.946959
qv2_089,Theater,Find fortress island,manual_hierarchy_clip,False,,,,v001,11,manual_zone_theater_stage_backstage|manual_zone_theater_lounge_green_room,5,3.946959
qv2_089,Theater,Find fortress island,raw_rgbd_hierarchy_clip,False,,,,v008,8,raw_cluster_01|raw_cluster_04,5,3.946959
qv2_090,Theater,Find beach,flat_clip,False,,,,v002,20,,4,3.946959
qv2_090,Theater,Find beach,manual_hierarchy_clip,False,,,,v002,13,manual_zone_theater_stage_backstage|manual_zone_theater_stairs_foyer_balcony,4,3.946959
qv2_090,Theater,Find beach,raw_rgbd_hierarchy_clip,False,,,,v002,8,raw_cluster_01|raw_cluster_04,4,3.946959
qv2_091,outdoor-street,Find the wide outdoor stairs,flat_clip,True,True,True,1.0,v001,21,,7,3.946959
qv2_091,outdoor-street,Find the wide outdoor stairs,manual_hierarchy_clip,True,False,False,0.0,v012,12,manual_zone_outdoor_street_red_facade_alley|manual_zone_outdoor_street_facade_entrance_glassblock,7,3.946959
qv2_091,outdoor-street,Find the wide outdoor stairs,raw_rgbd_hierarchy_clip,True,True,True,1.0,v001,10,raw_cluster_05|raw_cluster_01,7,3.946959
qv2_092,outdoor-street,Find the glass-block wall,flat_clip,True,False,True,0.5,v013,21,,8,3.946959
qv2_092,outdoor-street,Find the glass-block wall,manual_hierarchy_clip,True,False,False,0.0,v013,8,manual_zone_outdoor_street_red_facade_alley|manual_zone_outdoor_street_covered_passage_graffiti,8,3.946959
qv2_092,outdoor-street,Find the glass-block wall,raw_rgbd_hierarchy_clip,True,False,False,0.25,v013,9,raw_cluster_05|raw_cluster_07,8,3.946959
qv2_093,outdoor-street,Find the traffic signs,flat_clip,True,True,True,1.0,v003,21,,6,3.946959
qv2_093,outdoor-street,Find the traffic signs,manual_hierarchy_clip,True,False,False,0.0,v002,10,manual_zone_outdoor_street_walkway_road|manual_zone_outdoor_street_courtyard_stair_service,6,3.946959
qv2_093,outdoor-street,Find the traffic signs,raw_rgbd_hierarchy_clip,True,False,False,0.0,v002,9,raw_cluster_05|raw_cluster_06,6,3.946959
qv2_094,outdoor-street,Find the graffiti,flat_clip,True,False,True,0.5,v002,21,,5,3.946959
qv2_094,outdoor-street,Find the graffiti,manual_hierarchy_clip,True,True,True,1.0,v003,11,manual_zone_outdoor_street_covered_passage_graffiti|manual_zone_outdoor_street_walkway_road,5,3.946959
qv2_094,outdoor-street,Find the graffiti,raw_rgbd_hierarchy_clip,True,False,True,0.5,v002,9,raw_cluster_02|raw_cluster_05,5,3.946959
qv2_095,outdoor-street,Find the metal handrails,flat_clip,True,True,True,1.0,v008,21,,7,3.946959
qv2_095,outdoor-street,Find the metal handrails,manual_hierarchy_clip,True,True,True,1.0,v008,12,manual_zone_outdoor_street_red_facade_alley|manual_zone_outdoor_street_facade_entrance_glassblock,7,3.946959
qv2_095,outdoor-street,Find the metal handrails,raw_rgbd_hierarchy_clip,True,True,True,1.0,v008,9,raw_cluster_05|raw_cluster_06,7,3.946959
qv2_096,outdoor-street,Find the stone beige building facade,flat_clip,True,True,True,1.0,v020,21,,8,3.946959
qv2_096,outdoor-street,Find the stone beige building facade,manual_hierarchy_clip,True,True,True,1.0,v020,10,manual_zone_outdoor_street_courtyard_stair_service|manual_zone_outdoor_street_facade_entrance_glassblock,8,3.946959
qv2_096,outdoor-street,Find the stone beige building facade,raw_rgbd_hierarchy_clip,True,True,True,1.0,v020,10,raw_cluster_01|raw_cluster_05,8,3.946959
qv2_097,outdoor-street,Find the bright red building facade,flat_clip,True,False,False,0.25,v012,21,,8,4.675066
qv2_097,outdoor-street,Find the bright red building facade,manual_hierarchy_clip,True,False,False,0.25,v012,8,manual_zone_outdoor_street_red_facade_alley|manual_zone_outdoor_street_walkway_road,8,4.675066
qv2_097,outdoor-street,Find the bright red building facade,raw_rgbd_hierarchy_clip,True,False,False,0.25,v012,9,raw_cluster_05|raw_cluster_06,8,4.675066
qv2_098,outdoor-street,Find the metal turquoise supports,flat_clip,True,True,True,1.0,v007,21,,7,4.675066
qv2_098,outdoor-street,Find the metal turquoise supports,manual_hierarchy_clip,True,True,True,1.0,v007,12,manual_zone_outdoor_street_facade_entrance_glassblock|manual_zone_outdoor_street_red_facade_alley,7,4.675066
qv2_098,outdoor-street,Find the metal turquoise supports,raw_rgbd_hierarchy_clip,True,False,False,0.0,v019,7,raw_cluster_05|raw_cluster_04,7,4.675066
qv2_099,outdoor-street,Find the outdoor cobblestone pavement,flat_clip,True,False,False,0.07692307692307693,v013,21,,8,4.675066
qv2_099,outdoor-street,Find the outdoor cobblestone pavement,manual_hierarchy_clip,True,False,False,0.0,v013,9,manual_zone_outdoor_street_courtyard_stair_service|manual_zone_outdoor_street_covered_passage_graffiti,8,4.675066
qv2_099,outdoor-street,Find the outdoor cobblestone pavement,raw_rgbd_hierarchy_clip,True,False,False,0.0,v013,10,raw_cluster_05|raw_cluster_01,8,4.675066
qv2_100,outdoor-street,Find the glass entrance doors with number 8,flat_clip,True,False,False,0.07142857142857142,v019,21,,10,4.675066
qv2_100,outdoor-street,Find the glass entrance doors with number 8,manual_hierarchy_clip,True,False,False,0.1111111111111111,v019,13,manual_zone_outdoor_street_facade_entrance_glassblock|manual_zone_outdoor_street_walkway_road,10,4.675066
qv2_100,outdoor-street,Find the glass entrance doors with number 8,raw_rgbd_hierarchy_clip,True,False,False,0.14285714285714285,v019,9,raw_cluster_05|raw_cluster_06,10,4.675066
qv2_101,outdoor-street,Find the traffic signs near the tiled wall,flat_clip,True,True,True,1.0,v003,21,,11,4.675066
qv2_101,outdoor-street,Find the traffic signs near the tiled wall,manual_hierarchy_clip,True,True,True,1.0,v003,11,manual_zone_outdoor_street_walkway_road|manual_zone_outdoor_street_covered_passage_graffiti,11,4.675066
qv2_101,outdoor-street,Find the traffic signs near the tiled wall,raw_rgbd_hierarchy_clip,True,True,True,1.0,v003,6,raw_cluster_02|raw_cluster_06,11,4.675066
qv2_102,outdoor-street,Find the graffiti on the wall,flat_clip,True,False,True,0.3333333333333333,v011,21,,8,4.675066
qv2_102,outdoor-street,Find the graffiti on the wall,manual_hierarchy_clip,True,True,True,1.0,v003,8,manual_zone_outdoor_street_covered_passage_graffiti|manual_zone_outdoor_street_red_facade_alley,8,4.675066
qv2_102,outdoor-street,Find the graffiti on the wall,raw_rgbd_hierarchy_clip,True,False,True,0.3333333333333333,v011,9,raw_cluster_02|raw_cluster_05,8,4.675066
qv2_103,outdoor-street,Find the low barred window,flat_clip,True,False,False,0.25,v002,21,,7,4.675066
qv2_103,outdoor-street,Find the low barred window,manual_hierarchy_clip,True,False,False,0.25,v002,10,manual_zone_outdoor_street_facade_entrance_glassblock|manual_zone_outdoor_street_courtyard_stair_service,7,4.675066
qv2_103,outdoor-street,Find the low barred window,raw_rgbd_hierarchy_clip,True,False,True,0.3333333333333333,v002,10,raw_cluster_05|raw_cluster_01,7,4.675066
qv2_104,outdoor-street,Find the metal handrails in the foreground,flat_clip,True,False,False,0.25,v012,21,,10,4.675066
qv2_104,outdoor-street,Find the metal handrails in the foreground,manual_hierarchy_clip,True,False,False,0.0,v012,8,manual_zone_outdoor_street_red_facade_alley|manual_zone_outdoor_street_walkway_road,10,4.675066
qv2_104,outdoor-street,Find the metal handrails in the foreground,raw_rgbd_hierarchy_clip,True,False,False,0.0,v012,10,raw_cluster_05|raw_cluster_01,10,4.675066
qv2_105,outdoor-street,Find the glass-block wall on the right side,flat_clip,True,False,False,0.25,v013,21,,12,4.675066
qv2_105,outdoor-street,Find the glass-block wall on the right side,manual_hierarchy_clip,True,False,False,0.0,v013,8,manual_zone_outdoor_street_red_facade_alley|manual_zone_outdoor_street_covered_passage_graffiti,12,4.675066
qv2_105,outdoor-street,Find the glass-block wall on the right side,raw_rgbd_hierarchy_clip,True,False,True,0.5,v013,9,raw_cluster_05|raw_cluster_06,12,4.675066
qv2_106,outdoor-street,Find the wide outdoor stairs in the stair entrance area,flat_clip,True,False,False,0.25,v013,21,,12,4.675066
qv2_106,outdoor-street,Find the wide outdoor stairs in the stair entrance area,manual_hierarchy_clip,True,False,False,0.0,v019,12,manual_zone_outdoor_street_facade_entrance_glassblock|manual_zone_outdoor_street_red_facade_alley,12,4.675066
qv2_106,outdoor-street,Find the wide outdoor stairs in the stair entrance area,raw_rgbd_hierarchy_clip,True,False,False,0.25,v013,10,raw_cluster_05|raw_cluster_01,12,4.675066
qv2_107,outdoor-street,Find the glass entrance doors in the glass-block entrance,flat_clip,True,True,True,1.0,v005,21,,13,4.675066
qv2_107,outdoor-street,Find the glass entrance doors in the glass-block entrance,manual_hierarchy_clip,True,True,True,1.0,v005,13,manual_zone_outdoor_street_facade_entrance_glassblock|manual_zone_outdoor_street_walkway_road,13,4.675066
qv2_107,outdoor-street,Find the glass entrance doors in the glass-block entrance,raw_rgbd_hierarchy_clip,True,False,False,0.2,v019,9,raw_cluster_06|raw_cluster_05,13,4.675066
qv2_108,outdoor-street,Find the graffiti in the graffiti wall area,flat_clip,True,True,True,1.0,v003,21,,10,4.675066
qv2_108,outdoor-street,Find the graffiti in the graffiti wall area,manual_hierarchy_clip,True,True,True,1.0,v003,11,manual_zone_outdoor_street_covered_passage_graffiti|manual_zone_outdoor_street_walkway_road,10,4.675066
qv2_108,outdoor-street,Find the graffiti in the graffiti wall area,raw_rgbd_hierarchy_clip,True,True,True,1.0,v003,9,raw_cluster_02|raw_cluster_05,10,4.675066
qv2_109,outdoor-street,Find the covered walkway in the covered passage,flat_clip,True,False,False,0.05263157894736842,v017,21,,10,4.675066
qv2_109,outdoor-street,Find the covered walkway in the covered passage,manual_hierarchy_clip,True,False,False,0.125,v017,8,manual_zone_outdoor_street_red_facade_alley|manual_zone_outdoor_street_covered_passage_graffiti,10,4.675066
qv2_109,outdoor-street,Find the covered walkway in the covered passage,raw_rgbd_hierarchy_clip,True,False,False,0.1111111111111111,v017,9,raw_cluster_05|raw_cluster_07,10,4.675066
qv2_110,outdoor-street,Find the beige building facade on the facade wall,flat_clip,True,True,True,1.0,v020,21,,11,4.675066
qv2_110,outdoor-street,Find the beige building facade on the facade wall,manual_hierarchy_clip,True,True,True,1.0,v020,10,manual_zone_outdoor_street_courtyard_stair_service|manual_zone_outdoor_street_walkway_road,11,4.675066
qv2_110,outdoor-street,Find the beige building facade on the facade wall,raw_rgbd_hierarchy_clip,True,True,True,1.0,v020,7,raw_cluster_06|raw_cluster_01,11,4.675066
qv2_111,outdoor-street,Find an area suitable for walking,flat_clip,True,False,True,0.5,v021,21,,8,4.675066
qv2_111,outdoor-street,Find an area suitable for walking,manual_hierarchy_clip,True,False,True,0.3333333333333333,v003,11,manual_zone_outdoor_street_walkway_road|manual_zone_outdoor_street_covered_passage_graffiti,8,4.675066
qv2_111,outdoor-street,Find an area suitable for walking,raw_rgbd_hierarchy_clip,True,False,True,0.5,v017,9,raw_cluster_05|raw_cluster_06,8,4.675066
qv2_112,outdoor-street,Find a building entrance area,flat_clip,True,False,False,0.25,v013,21,,7,4.675066
qv2_112,outdoor-street,Find a building entrance area,manual_hierarchy_clip,True,False,False,0.25,v013,12,manual_zone_outdoor_street_facade_entrance_glassblock|manual_zone_outdoor_street_covered_passage_graffiti,7,4.675066
qv2_112,outdoor-street,Find a building entrance area,raw_rgbd_hierarchy_clip,True,False,False,0.16666666666666666,v013,9,raw_cluster_05|raw_cluster_06,7,4.675066
qv2_113,outdoor-street,Find an area suitable for moving between street levels,flat_clip,True,True,True,1.0,v001,21,,11,4.675066
qv2_113,outdoor-street,Find an area suitable for moving between street levels,manual_hierarchy_clip,True,True,True,1.0,v001,10,manual_zone_outdoor_street_courtyard_stair_service|manual_zone_outdoor_street_walkway_road,11,4.675066
qv2_113,outdoor-street,Find an area suitable for moving between street levels,raw_rgbd_hierarchy_clip,True,True,True,1.0,v001,10,raw_cluster_01|raw_cluster_05,11,4.675066
qv2_114,outdoor-street,Find a utility access area,flat_clip,True,False,False,0.2,v003,21,,7,4.675066
qv2_114,outdoor-street,Find a utility access area,manual_hierarchy_clip,True,False,True,0.3333333333333333,v021,10,manual_zone_outdoor_street_facade_entrance_glassblock|manual_zone_outdoor_street_courtyard_stair_service,7,4.675066
qv2_114,outdoor-street,Find a utility access area,raw_rgbd_hierarchy_clip,True,False,False,0.25,v021,10,raw_cluster_05|raw_cluster_01,7,4.675066
qv2_115,outdoor-street,Find a street wayfinding marker,flat_clip,True,True,True,1.0,v003,21,,8,4.675066
qv2_115,outdoor-street,Find a street wayfinding marker,manual_hierarchy_clip,True,True,True,1.0,v008,13,manual_zone_outdoor_street_facade_entrance_glassblock|manual_zone_outdoor_street_walkway_road,8,4.675066
qv2_115,outdoor-street,Find a street wayfinding marker,raw_rgbd_hierarchy_clip,True,True,True,1.0,v003,6,raw_cluster_06|raw_cluster_02,8,4.675066
qv2_116,outdoor-street,Find grand piano,flat_clip,False,,,,v002,21,,5,4.675066
qv2_116,outdoor-street,Find grand piano,manual_hierarchy_clip,False,,,,v013,8,manual_zone_outdoor_street_covered_passage_graffiti|manual_zone_outdoor_street_red_facade_alley,5,4.675066
qv2_116,outdoor-street,Find grand piano,raw_rgbd_hierarchy_clip,False,,,,v002,9,raw_cluster_05|raw_cluster_07,5,4.675066
qv2_117,outdoor-street,Find swimming pool,flat_clip,False,,,,v007,21,,5,4.675066
qv2_117,outdoor-street,Find swimming pool,manual_hierarchy_clip,False,,,,v007,13,manual_zone_outdoor_street_facade_entrance_glassblock|manual_zone_outdoor_street_walkway_road,5,4.675066
qv2_117,outdoor-street,Find swimming pool,raw_rgbd_hierarchy_clip,False,,,,v007,9,raw_cluster_05|raw_cluster_06,5,4.675066
qv2_118,outdoor-street,Find bed,flat_clip,False,,,,v016,21,,4,4.675066
qv2_118,outdoor-street,Find bed,manual_hierarchy_clip,False,,,,v016,8,manual_zone_outdoor_street_red_facade_alley|manual_zone_outdoor_street_walkway_road,4,4.675066
qv2_118,outdoor-street,Find bed,raw_rgbd_hierarchy_clip,False,,,,v016,9,raw_cluster_05|raw_cluster_07,4,4.675066
qv2_119,outdoor-street,Find sofa,flat_clip,False,,,,v002,21,,4,4.675066
qv2_119,outdoor-street,Find sofa,manual_hierarchy_clip,False,,,,v002,9,manual_zone_outdoor_street_red_facade_alley|manual_zone_outdoor_street_courtyard_stair_service,4,4.675066
qv2_119,outdoor-street,Find sofa,raw_rgbd_hierarchy_clip,False,,,,v002,10,raw_cluster_05|raw_cluster_01,4,4.675066
qv2_120,outdoor-street,Find open sea water,flat_clip,False,,,,v017,21,,6,4.675066
qv2_120,outdoor-street,Find open sea water,manual_hierarchy_clip,False,,,,v017,8,manual_zone_outdoor_street_covered_passage_graffiti|manual_zone_outdoor_street_red_facade_alley,6,4.675066
qv2_120,outdoor-street,Find open sea water,raw_rgbd_hierarchy_clip,False,,,,v017,9,raw_cluster_07|raw_cluster_05,6,4.675066
qv2_121,outdoor-drone,Find the fortress island,flat_clip,True,False,False,0.25,v013,16,,6,4.675066
qv2_121,outdoor-drone,Find the fortress island,manual_hierarchy_clip,True,False,False,0.25,v013,8,manual_zone_outdoor_drone_fortress_island|manual_zone_outdoor_drone_harbor_marina,6,4.675066
qv2_121,outdoor-drone,Find the fortress island,raw_rgbd_hierarchy_clip,True,False,False,0.25,v013,16,raw_cluster_01|raw_cluster_02,6,4.675066
qv2_122,outdoor-drone,Find the tower or lighthouse,flat_clip,True,True,True,1.0,v013,16,,7,4.675066
qv2_122,outdoor-drone,Find the tower or lighthouse,manual_hierarchy_clip,True,True,True,1.0,v013,14,manual_zone_outdoor_drone_fortress_island|manual_zone_outdoor_drone_open_water_bay,7,4.675066
qv2_122,outdoor-drone,Find the tower or lighthouse,raw_rgbd_hierarchy_clip,True,True,True,1.0,v013,16,raw_cluster_01|raw_cluster_02,7,4.675066
qv2_123,outdoor-drone,Find the open water,flat_clip,True,True,True,1.0,v008,16,,6,4.675066
qv2_123,outdoor-drone,Find the open water,manual_hierarchy_clip,True,True,True,1.0,v008,16,manual_zone_outdoor_drone_open_water_bay|manual_zone_outdoor_drone_city_shoreline,6,4.675066
qv2_123,outdoor-drone,Find the open water,raw_rgbd_hierarchy_clip,True,True,True,1.0,v008,16,raw_cluster_02|raw_cluster_01,6,4.675066
qv2_124,outdoor-drone,Find the distant city skyline,flat_clip,True,False,True,0.5,v012,16,,7,4.675066
qv2_124,outdoor-drone,Find the distant city skyline,manual_hierarchy_clip,True,False,True,0.5,v012,14,manual_zone_outdoor_drone_open_water_bay|manual_zone_outdoor_drone_fortress_island,7,4.675066
qv2_124,outdoor-drone,Find the distant city skyline,raw_rgbd_hierarchy_clip,True,False,True,0.5,v012,16,raw_cluster_01|raw_cluster_02,7,4.675066
qv2_125,outdoor-drone,Find the bridge or long roadway,flat_clip,True,False,False,0.1,v012,16,,8,4.675066
qv2_125,outdoor-drone,Find the bridge or long roadway,manual_hierarchy_clip,True,False,False,0.1111111111111111,v012,14,manual_zone_outdoor_drone_fortress_island|manual_zone_outdoor_drone_open_water_bay,8,4.675066
qv2_125,outdoor-drone,Find the bridge or long roadway,raw_rgbd_hierarchy_clip,True,False,False,0.1,v012,16,raw_cluster_01|raw_cluster_02,8,4.675066
qv2_126,outdoor-drone,Find the large white fortress buildings,flat_clip,True,True,True,1.0,v013,16,,8,4.675066
qv2_126,outdoor-drone,Find the large white fortress buildings,manual_hierarchy_clip,True,True,True,1.0,v013,8,manual_zone_outdoor_drone_fortress_island|manual_zone_outdoor_drone_harbor_marina,8,4.675066
qv2_126,outdoor-drone,Find the large white fortress buildings,raw_rgbd_hierarchy_clip,True,True,True,1.0,v013,16,raw_cluster_01|raw_cluster_02,8,4.675066
qv2_127,outdoor-drone,Find the green-blue sea water,flat_clip,True,True,True,1.0,v013,16,,9,4.675066
qv2_127,outdoor-drone,Find the green-blue sea water,manual_hierarchy_clip,True,True,True,1.0,v013,16,manual_zone_outdoor_drone_open_water_bay|manual_zone_outdoor_drone_city_shoreline,9,4.675066
qv2_127,outdoor-drone,Find the green-blue sea water,raw_rgbd_hierarchy_clip,True,True,True,1.0,v013,16,raw_cluster_01|raw_cluster_02,9,4.675066
qv2_128,outdoor-drone,Find the far distant city,flat_clip,True,False,False,0.1,v012,16,,7,4.675066
qv2_128,outdoor-drone,Find the far distant city,manual_hierarchy_clip,True,False,False,0.1,v012,16,manual_zone_outdoor_drone_open_water_bay|manual_zone_outdoor_drone_city_shoreline,7,4.675066
qv2_128,outdoor-drone,Find the far distant city,raw_rgbd_hierarchy_clip,True,False,False,0.1,v012,16,raw_cluster_01|raw_cluster_02,7,4.675066
qv2_129,outdoor-drone,Find the white bright glare,flat_clip,True,False,False,0.125,v013,16,,7,5.652918
qv2_129,outdoor-drone,Find the white bright glare,manual_hierarchy_clip,True,False,False,0.16666666666666666,v013,14,manual_zone_outdoor_drone_fortress_island|manual_zone_outdoor_drone_open_water_bay,7,5.652918
qv2_129,outdoor-drone,Find the white bright glare,raw_rgbd_hierarchy_clip,True,False,False,0.125,v013,16,raw_cluster_01|raw_cluster_02,7,5.652918
qv2_130,outdoor-drone,Find the rocky island surrounded by water,flat_clip,True,False,False,0.14285714285714285,v012,16,,9,5.652918
qv2_130,outdoor-drone,Find the rocky island surrounded by water,manual_hierarchy_clip,True,False,False,0.14285714285714285,v012,14,manual_zone_outdoor_drone_fortress_island|manual_zone_outdoor_drone_open_water_bay,9,5.652918
qv2_130,outdoor-drone,Find the rocky island surrounded by water,raw_rgbd_hierarchy_clip,True,False,False,0.14285714285714285,v012,16,raw_cluster_01|raw_cluster_02,9,5.652918
qv2_131,outdoor-drone,Find the tower or lighthouse on the island,flat_clip,True,True,True,1.0,v013,16,,10,5.652918
qv2_131,outdoor-drone,Find the tower or lighthouse on the island,manual_hierarchy_clip,True,True,True,1.0,v013,14,manual_zone_outdoor_drone_fortress_island|manual_zone_outdoor_drone_open_water_bay,10,5.652918
qv2_131,outdoor-drone,Find the tower or lighthouse on the island,raw_rgbd_hierarchy_clip,True,True,True,1.0,v013,16,raw_cluster_01|raw_cluster_02,10,5.652918
qv2_132,outdoor-drone,Find the white fortress-like building on the island,flat_clip,True,False,False,0.25,v013,16,,12,5.652918
qv2_132,outdoor-drone,Find the white fortress-like building on the island,manual_hierarchy_clip,True,False,False,0.25,v013,14,manual_zone_outdoor_drone_fortress_island|manual_zone_outdoor_drone_open_water_bay,12,5.652918
qv2_132,outdoor-drone,Find the white fortress-like building on the island,raw_rgbd_hierarchy_clip,True,False,False,0.25,v013,16,raw_cluster_01|raw_cluster_02,12,5.652918
qv2_133,outdoor-drone,Find the coastal city buildings,flat_clip,True,False,False,0.2,v012,16,,7,5.652918
qv2_133,outdoor-drone,Find the coastal city buildings,manual_hierarchy_clip,True,False,False,0.2,v012,8,manual_zone_outdoor_drone_fortress_island|manual_zone_outdoor_drone_harbor_marina,7,5.652918
qv2_133,outdoor-drone,Find the coastal city buildings,raw_rgbd_hierarchy_clip,True,False,False,0.2,v012,16,raw_cluster_01|raw_cluster_02,7,5.652918
qv2_134,outdoor-drone,Find the bridge or road lines across the bay,flat_clip,True,False,False,0.0625,v012,16,,11,5.652918
qv2_134,outdoor-drone,Find the bridge or road lines across the bay,manual_hierarchy_clip,True,False,False,0.07142857142857142,v012,14,manual_zone_outdoor_drone_fortress_island|manual_zone_outdoor_drone_open_water_bay,11,5.652918
qv2_134,outdoor-drone,Find the bridge or road lines across the bay,raw_rgbd_hierarchy_clip,True,False,False,0.0625,v012,16,raw_cluster_01|raw_cluster_02,11,5.652918
qv2_135,outdoor-drone,Find the hills behind the city,flat_clip,True,False,True,0.5,v012,16,,8,5.652918
qv2_135,outdoor-drone,Find the hills behind the city,manual_hierarchy_clip,True,False,True,0.5,v012,14,manual_zone_outdoor_drone_fortress_island|manual_zone_outdoor_drone_open_water_bay,8,5.652918
qv2_135,outdoor-drone,Find the hills behind the city,raw_rgbd_hierarchy_clip,True,False,True,0.5,v012,16,raw_cluster_01|raw_cluster_02,8,5.652918
qv2_136,outdoor-drone,Find the tower or lighthouse in the fortress island area,flat_clip,True,False,True,0.5,v013,16,,12,5.652918
qv2_136,outdoor-drone,Find the tower or lighthouse in the fortress island area,manual_hierarchy_clip,True,False,True,0.5,v013,8,manual_zone_outdoor_drone_fortress_island|manual_zone_outdoor_drone_harbor_marina,12,5.652918
qv2_136,outdoor-drone,Find the tower or lighthouse in the fortress island area,raw_rgbd_hierarchy_clip,True,False,True,0.5,v013,16,raw_cluster_01|raw_cluster_02,12,5.652918
qv2_137,outdoor-drone,Find the sea water in the open water region,flat_clip,True,False,False,0.07142857142857142,v008,16,,11,5.652918
qv2_137,outdoor-drone,Find the sea water in the open water region,manual_hierarchy_clip,True,False,False,0.07142857142857142,v008,16,manual_zone_outdoor_drone_open_water_bay|manual_zone_outdoor_drone_city_shoreline,11,5.652918
qv2_137,outdoor-drone,Find the sea water in the open water region,raw_rgbd_hierarchy_clip,True,False,False,0.07142857142857142,v008,16,raw_cluster_01|raw_cluster_02,11,5.652918
qv2_138,outdoor-drone,Find the distant city skyline along the distant shoreline,flat_clip,True,True,True,1.0,v002,16,,11,5.652918
qv2_138,outdoor-drone,Find the distant city skyline along the distant shoreline,manual_hierarchy_clip,True,True,True,1.0,v002,14,manual_zone_outdoor_drone_fortress_island|manual_zone_outdoor_drone_open_water_bay,11,5.652918
qv2_138,outdoor-drone,Find the distant city skyline along the distant shoreline,raw_rgbd_hierarchy_clip,True,True,True,1.0,v002,16,raw_cluster_01|raw_cluster_02,11,5.652918
qv2_139,outdoor-drone,Find the bridge or road lines over bay water,flat_clip,True,False,False,0.07142857142857142,v013,16,,11,5.652918
qv2_139,outdoor-drone,Find the bridge or road lines over bay water,manual_hierarchy_clip,True,False,False,0.08333333333333333,v013,14,manual_zone_outdoor_drone_fortress_island|manual_zone_outdoor_drone_open_water_bay,11,5.652918
qv2_139,outdoor-drone,Find the bridge or road lines over bay water,raw_rgbd_hierarchy_clip,True,False,False,0.07142857142857142,v013,16,raw_cluster_01|raw_cluster_02,11,5.652918
qv2_140,outdoor-drone,Find the marina or harbor cluster in the marina area,flat_clip,True,False,False,0.16666666666666666,v001,16,,12,5.652918
qv2_140,outdoor-drone,Find the marina or harbor cluster in the marina area,manual_hierarchy_clip,True,False,False,0.16666666666666666,v001,8,manual_zone_outdoor_drone_fortress_island|manual_zone_outdoor_drone_harbor_marina,12,5.652918
qv2_140,outdoor-drone,Find the marina or harbor cluster in the marina area,raw_rgbd_hierarchy_clip,True,False,False,0.16666666666666666,v001,16,raw_cluster_01|raw_cluster_02,12,5.652918
qv2_141,outdoor-drone,Find a coastal landmark,flat_clip,True,True,True,1.0,v013,16,,6,5.652918
qv2_141,outdoor-drone,Find a coastal landmark,manual_hierarchy_clip,True,True,True,1.0,v013,14,manual_zone_outdoor_drone_fortress_island|manual_zone_outdoor_drone_open_water_bay,6,5.652918
qv2_141,outdoor-drone,Find a coastal landmark,raw_rgbd_hierarchy_clip,True,True,True,1.0,v013,16,raw_cluster_01|raw_cluster_02,6,5.652918
qv2_142,outdoor-drone,Find an open water area,flat_clip,True,True,True,1.0,v014,16,,7,5.652918
qv2_142,outdoor-drone,Find an open water area,manual_hierarchy_clip,True,True,True,1.0,v014,14,manual_zone_outdoor_drone_fortress_island|manual_zone_outdoor_drone_open_water_bay,7,5.652918
qv2_142,outdoor-drone,Find an open water area,raw_rgbd_hierarchy_clip,True,True,True,1.0,v014,16,raw_cluster_01|raw_cluster_02,7,5.652918
qv2_143,outdoor-drone,Find a harbor or marina area,flat_clip,True,False,True,0.3333333333333333,v001,16,,8,5.652918
qv2_143,outdoor-drone,Find a harbor or marina area,manual_hierarchy_clip,True,False,True,0.3333333333333333,v001,8,manual_zone_outdoor_drone_fortress_island|manual_zone_outdoor_drone_harbor_marina,8,5.652918
qv2_143,outdoor-drone,Find a harbor or marina area,raw_rgbd_hierarchy_clip,True,False,True,0.3333333333333333,v001,16,raw_cluster_01|raw_cluster_02,8,5.652918
qv2_144,outdoor-drone,Find the distant city orientation landmark,flat_clip,True,True,True,1.0,v012,16,,8,5.652918
qv2_144,outdoor-drone,Find the distant city orientation landmark,manual_hierarchy_clip,True,True,True,1.0,v012,14,manual_zone_outdoor_drone_fortress_island|manual_zone_outdoor_drone_open_water_bay,8,5.652918
qv2_144,outdoor-drone,Find the distant city orientation landmark,raw_rgbd_hierarchy_clip,True,True,True,1.0,v012,16,raw_cluster_01|raw_cluster_02,8,5.652918
qv2_145,outdoor-drone,Find a bridge or roadway crossing,flat_clip,True,False,False,0.1111111111111111,v013,16,,8,5.652918
qv2_145,outdoor-drone,Find a bridge or roadway crossing,manual_hierarchy_clip,True,False,False,0.125,v013,14,manual_zone_outdoor_drone_fortress_island|manual_zone_outdoor_drone_open_water_bay,8,5.652918
qv2_145,outdoor-drone,Find a bridge or roadway crossing,raw_rgbd_hierarchy_clip,True,False,False,0.1111111111111111,v013,16,raw_cluster_01|raw_cluster_02,8,5.652918
qv2_146,outdoor-drone,Find grand piano,flat_clip,False,,,,v013,16,,5,5.652918
qv2_146,outdoor-drone,Find grand piano,manual_hierarchy_clip,False,,,,v013,16,manual_zone_outdoor_drone_open_water_bay|manual_zone_outdoor_drone_city_shoreline,5,5.652918
qv2_146,outdoor-drone,Find grand piano,raw_rgbd_hierarchy_clip,False,,,,v013,16,raw_cluster_01|raw_cluster_02,5,5.652918
qv2_147,outdoor-drone,Find bed,flat_clip,False,,,,v014,16,,4,5.652918
qv2_147,outdoor-drone,Find bed,manual_hierarchy_clip,False,,,,v014,16,manual_zone_outdoor_drone_open_water_bay|manual_zone_outdoor_drone_city_shoreline,4,5.652918
qv2_147,outdoor-drone,Find bed,raw_rgbd_hierarchy_clip,False,,,,v014,16,raw_cluster_02|raw_cluster_01,4,5.652918
qv2_148,outdoor-drone,Find shower,flat_clip,False,,,,v008,16,,4,5.652918
qv2_148,outdoor-drone,Find shower,manual_hierarchy_clip,False,,,,v008,16,manual_zone_outdoor_drone_open_water_bay|manual_zone_outdoor_drone_city_shoreline,4,5.652918
qv2_148,outdoor-drone,Find shower,raw_rgbd_hierarchy_clip,False,,,,v008,16,raw_cluster_02|raw_cluster_01,4,5.652918
qv2_149,outdoor-drone,Find traffic signs,flat_clip,False,,,,v016,16,,5,5.652918
qv2_149,outdoor-drone,Find traffic signs,manual_hierarchy_clip,False,,,,v016,16,manual_zone_outdoor_drone_open_water_bay|manual_zone_outdoor_drone_city_shoreline,5,5.652918
qv2_149,outdoor-drone,Find traffic signs,raw_rgbd_hierarchy_clip,False,,,,v016,16,raw_cluster_01|raw_cluster_02,5,5.652918
qv2_150,outdoor-drone,Find theater stage,flat_clip,False,,,,v001,16,,5,5.652918
qv2_150,outdoor-drone,Find theater stage,manual_hierarchy_clip,False,,,,v001,14,manual_zone_outdoor_drone_fortress_island|manual_zone_outdoor_drone_open_water_bay,5,5.652918
qv2_150,outdoor-drone,Find theater stage,raw_rgbd_hierarchy_clip,False,,,,v001,16,raw_cluster_01|raw_cluster_02,5,5.652918
